node_id,mean,std
N001901,63.11648997,1.321817542
N001661,13.96502255,9.741881969
